nflid,displayname,position,playercollegename
496988,"Bryan Bulaga",OT,Iowa
2495888,"Marcedes Lewis",TE,UCLA
2506363,"Aaron Rodgers",QB,California
2540183,"David Bakhtiari",T,Colorado
2541898,"Lane Taylor",G,"Oklahoma State"
2543495,"Davante Adams",WR,"Fresno State"
2543631,"Corey Linsley",C,"Ohio State"
2543740,"Billy Turner",OG,"North Dakota State"
2555218,"Danny Vitale",FB,Northwestern
2558116,"Aaron Jones",RB,"Texas-El Paso"
2560907,"Marquez Valdes-Scantling",WR,"South Florida"
2495108,"Prince Amukamara",CB,Nebraska
2532961,"Danny Trevathan",ILB,Kentucky
2533433,"Akiem Hicks",DT,"Regina, Can."
2543463,"Khalil Mack",OLB,Buffalo
2543470,"Ha Ha Clinton-Dix",FS,Alabama
2543681,"Kyle Fuller",CB,"Virginia Tech"
2552489,"Eddie Goldman",NT,"Florida State"
2555285,"Leonard Floyd",OLB,Georgia
2558176,"Eddie Jackson",FS,Alabama
2560821,"Bilal Nichols",DT,Delaware
2560877,"Roquan Smith",LB,Georgia
2506789,"Tramon Williams",CB,"Louisiana Tech"
2552276,"Preston Smith",OLB,"Mississippi State"
2552279,"Za'Darius Smith",OLB,Kentucky
2552385,"Adrian Amos",FS,"Penn State"
2555161,"Blake Martinez",ILB,Stanford
2555274,"Dean Lowry",DL,Northwestern
2555282,"Kenny Clark",NT,UCLA
2557876,"Montravius Adams",DL,Auburn
2560952,"Jaire Alexander",CB,Louisville
2560982,"Tony Brown",CB,Alabama
2562724,"Darnell Savage",S,Maryland
2533543,"Bobby Massie",T,Mississippi
2539933,"Kyle Long",OG,Oregon
2543509,"Allen Robinson",WR,"Penn State"
2550169,"Charles Leno Jr.",T,"Boise State"
2550617,"Taylor Gabriel",WR,"Abilene Christian"
2553439,"Mike Davis",RB,"South Carolina"
2555132,"Cody Whitehair",OG,"Kansas State"
2558008,"Mitchell Trubisky",QB,"North Carolina"
2558144,"Adam Shaheen",TE,Ashland
2560810,"Anthony Miller",WR,Memphis
2561035,"James Daniels",C,Iowa
497236,"Jimmy Graham",TE,Miami
2556460,"Geronimo Allison",WR,Illinois
2495343,"Buster Skrine",CB,Chattanooga
2557996,"Kevin King",CB,Washington
2561227,"Tyler Lancaster",DT,Northwestern
2540145,"Cordarrelle Patterson",WR,Tennessee
2558250,"Tarik Cohen",RB,"North Carolina A&T"
2562502,"David Montgomery",RB,"Iowa State"
2560939,"Javon Wims",WR,Georgia
2561207,"Raven Greene",FS,"James Madison"
2556478,"Ben Braunecker",TE,Harvard
2535866,"Bradley Sowell",TE,Mississippi
2555340,"Kyler Fackrell",OLB,"Utah State"
2558204,"Jamaal Williams",RB,"Brigham Young"
2541479,"Nick Williams",DT,Samford
2556665,"Roy Robertson-Harris",DE,"Texas-El Paso"
2559270,"Robert Tonyan",TE,"Indiana State"
2553548,"Jake Kumerow",WR,Wisconsin-Whitewater
2559287,"Isaiah Irving",LB,"San Jose State"
2555413,"Trevor Davis",WR,California
2543650,"Aaron Lynch",OLB,"South Florida"
2562957,"Duke Shelley",DB,"Kansas State"
1302,"Aqib Talib",CB,Kansas
80431,"Clay Matthews",OLB,"Southern California"
2495775,"Eric Weddle",FS,Utah
2533050,"Michael Brockers",DT,"Louisiana State"
2543485,"Aaron Donald",DT,Pittsburgh
2552307,"Bryce Hager",ILB,Baylor
2552488,"Marcus Peters",CB,Washington
2553431,"Dante Fowler",OLB,Florida
2556593,"Cory Littleton",ILB,Washington
2558183,"John Johnson",SS,"Boston College"
2561079,"Sebastian Joseph-Day",DT,Rutgers
2495455,"Cam Newton",QB,Auburn
2495700,"Greg Olsen",TE,Miami
2538145,"Greg Van Roten",G,Pennsylvania
2543606,"Trai Turner",G,"Louisiana State"
2550155,"Matt Paradis",C,"Boise State"
2552357,"Daryl Williams",T,Oklahoma
2552622,"Chris Manhertz",TE,Canisius
2557871,"Taylor Moton",T,"Western Michigan"
2557997,"Christian McCaffrey",RB,Stanford
2558066,"Curtis Samuel",WR,"Ohio State"
2560813,"D.J. Moore",WR,Maryland
2560894,"Ian Thomas",TE,Indiana
2558833,"Alex Armah",RB,"West Georgia"
2495977,"Andrew Whitworth",T,"Louisiana State"
2540169,"Robert Woods",WR,"Southern California"
2543498,"Brandin Cooks",WR,"Oregon State"
2552363,"Rob Havenstein",T,Wisconsin
2552475,"Todd Gurley",RB,Georgia
2555180,"Austin Blythe",C,Iowa
2555334,"Jared Goff",QB,California
2557898,"Cooper Kupp",WR,"Eastern Washington"
2558194,"Josh Reynolds",WR,"Texas A&M"
2560825,"Joe Noteboom",T,"Texas Christian"
2560954,"Brian Allen",C,"Michigan State"
2507837,"Kyle Love",NT,"Mississippi State"
2530474,"Mario Addison",DE,Troy
2533056,"Luke Kuechly",MLB,"Boston College"
2533435,"Dontari Poe",NT,Memphis
2540152,"Eric Reid",SS,"Louisiana State"
2543830,"Tre Boston",FS,"North Carolina"
2552447,"Shaq Thompson",OLB,Washington
2555175,"James Bradberry",CB,Samford
2556934,"Javien Elliott",CB,"Florida State"
2560753,"Donte Jackson",CB,"Louisiana State"
2562242,"Brian Burns",LB,"Florida State"
2556529,"Morgan Fox",DE,"Colorado State-Pueblo"
2558199,"Tanzel Smart",DT,Tulane
2558830,"Samson Ebukam",OLB,"Eastern Washington"
2540197,"Nickell Robey-Coleman",CB,"Southern California"
2562707,"Taylor Rapp",DB,Washington
2532978,"Jarius Wright",WR,Arkansas
2557889,"Gerald Everett",TE,"South Alabama"
496816,"Gerald McCoy",DT,Oklahoma
2539296,"Kawann Short",DT,Purdue
2553310,"Efe Obada",DE,"No College"
2561009,"Marquis Haynes",DE,Mississippi
2552382,"Malcolm Brown",RB,Texas
2555364,"Tyler Higbee",TE,"Western Kentucky"
2561093,"Jermaine Carter",LB,Maryland
2562313,"Christian Miller",LB,Alabama
2556277,"Marqui Christian",SS,"Midwestern State"
2543799,"Ross Cockrell",CB,Duke
2560775,"Rashaan Gaulden",DB,Tennessee
2562574,"Darrell Henderson",RB,Memphis
2530515,"Chris Hogan",WR,"Monmouth, N.J."
2561154,"Travin Howard",LB,"Texas Christian"
2562251,"Dennis Daley",T,"South Carolina"
2495476,"Jurrell Casey",DT,"Southern California"
2539320,"Kenny Vaccaro",SS,Texas
2540162,"Logan Ryan",CB,Rutgers
2543504,"DaQuan Jones",DE,"Penn State"
2550613,"Malcolm Butler",CB,"West Alabama"
2555158,"Kevin Byard",FS,"Middle Tennessee"
2558005,"Jayon Brown",ILB,UCLA
2558065,"Adoree' Jackson",CB,"Southern California"
2560718,"Rashaan Evans",LB,Alabama
2560784,"Harold Landry",OLB,"Boston College"
2561328,"Sharif Finch",OLB,Temple
2540292,"JC Tretter",T,Cornell
2541312,"Eric Kush",OG,"California, Pa."
2541716,"Chris Hubbard",G,Alabama-Birmingham
2543458,"Greg Robinson",OT,Auburn
2543488,"Jarvis Landry",WR,"Louisiana State"
2543496,"Odell Beckham",WR,"Louisiana State"
2543737,"Joel Bitonio",G,Nevada
2555468,"Rashard Higgins",WR,"Colorado State"
2557986,"David Njoku",TE,Miami
2560800,"Baker Mayfield",QB,Oklahoma
2561021,"Nick Chubb",RB,Georgia
2556368,"Austin Johnson",NT,"Penn State"
2563245,"Isaiah Mack",DT,Chattanooga
2561461,"Dontrell Hilliard",RB,Tulane
497048,"Rodger Saffold",G,Indiana
2532883,"Ben Jones",C,Georgia
2535131,"Dennis Kelly",OT,Purdue
2552339,"Jamil Douglas",OG,"Arizona State"
2552401,"MyCole Pruitt",TE,"Southern Illinois"
2552466,"Marcus Mariota",QB,Oregon
2555279,"Jack Conklin",T,"Michigan State"
2555317,"Tajae Sharpe",WR,Massachusetts
2556075,"Derrick Henry",RB,Alabama
2557848,"Corey Davis",WR,"Western Michigan"
2558207,"Jonnu Smith",TE,"Florida International"
496727,"Morgan Burnett",SS,"Georgia Tech"
2533534,"Olivier Vernon",DE,Miami
2540142,"Sheldon Richardson",DT,Missouri
2543720,"Christian Kirksey",OLB,Iowa
2552389,"Damarious Randall",CB,"Arizona State"
2552697,"Jermaine Whitehead",FS,Auburn
2555166,"Joe Schobert",MLB,Wisconsin
2557836,"Larry Ogunjobi",DT,"North Carolina-Charlotte"
2557965,"Myles Garrett",DE,"Texas A&M"
2560916,"Denzel Ward",CB,"Ohio State"
2562785,"Greedy Williams",DB,"Louisiana State"
2495966,"Delanie Walker",TE,"Central Missouri State"
2558942,"Anthony Firkser",TE,Harvard
2562238,"A.J. Brown",WR,Mississippi
2553895,"Adam Humphries",WR,Clemson
2555173,"Eric Murray",FS,Minnesota
2354,"Wesley Woodyard",ILB,Kentucky
2543765,"Brent Urban",DE,Virginia
2541187,"Demetrius Harris",TE,Wisconsin-Milwaukee
2495469,"Dion Lewis",RB,Pittsburgh
2550565,"Adarius Taylor",MLB,"Florida Atlantic"
2559079,"Devaroe Lawrence",DT,Auburn
2561458,"Daniel Ekuale",DT,"Washington State"
2543692,"Chris Smith",DE,Arkansas
2560893,"Chad Thomas",DE,Miami
2541539,"Daren Bates",ILB,Auburn
2555339,"Kamalei Correa",ILB,"Boise State"
2543637,"Terrance Mitchell",CB,Oregon
2550495,"Justin McCray",G,"Central Florida"
2561054,"Damion Ratley",WR,"Texas A&M"
2550289,"David Fluellen",RB,Toledo
2506314,"Cameron Wake",OLB,"Penn State"
2562666,"Amani Hooker",FS,Iowa
2563327,"D'Ernest Johnson",RB,"South Florida"
2539301,"David Quessenberry",T,"San Jose State"
2553896,"Darius Jennings",WR,Virginia
2555551,"LeShaun Sims",CB,"Southern Utah"
2561033,"Dane Cruikshank",DB,Arizona
2556394,"Chris Milton",CB,"Georgia Tech"
2495466,"Mark Ingram",RB,Alabama
2507188,"Marshal Yanda",G,Iowa
2552402,"Nick Boyle",TE,Delaware
2555204,"Ronnie Stanley",T,"Notre Dame"
2556683,"Matt Skura",C,Duke
2558990,"Patrick Ricard",FB,Maine
2559827,"Bradley Bozeman",C,Alabama
2560757,"Lamar Jackson",QB,Louisville
2560981,"Orlando Brown",T,Oklahoma
2562379,"Marquise Brown",WR,Oklahoma
2562631,"Miles Boykin",WR,"Notre Dame"
496739,"Reshad Jones",SS,Georgia
2552255,"Eric Rowe",CB,Utah
2552434,"Bobby McCain",CB,Memphis
2555539,"Xavien Howard",CB,Baylor
2558001,"Charles Harris",DE,Missouri
2558012,"Davon Godchaux",DT,"Louisiana State"
2560725,"Minkah Fitzpatrick",S,Alabama
2560966,"Jerome Baker",LB,"Ohio State"
2562038,"Sam Eguavoen",LB,"Texas Tech"
2562302,"Jonathan Ledbetter",DE,Georgia
2562782,"Christian Wilkins",DT,Clemson
2550256,"Willie Snead",WR,"Ball State"
2561324,"Gus Edwards",RB,Rutgers
2550597,"Seth Roberts",WR,"West Alabama"
2560747,"Hayden Hurst",TE,"South Carolina"
2560957,"Mark Andrews",TE,Oklahoma
2562407,"Justice Hill",RB,"Oklahoma State"
2539231,"John Jenkins",NT,Georgia
2558031,"Avery Moss",DE,"Youngstown State"
2558070,"Raekwon McMillan",LB,"Ohio State"
2495201,"Pernell McPhee",OLB,"Mississippi State"
2508080,"Earl Thomas",FS,Texas
2508107,"Jimmy Smith",CB,Colorado
2540164,"Tony Jefferson",SS,Oklahoma
2541302,"Brandon Williams",DT,"Missouri Southern"
2555505,"Matt Judon",OLB,"Grand Valley State"
2556642,"Patrick Onwuasor",ILB,"Portland State"
2556650,"Michael Pierce",DT,Samford
2557862,"Chris Wormley",DE,Michigan
2558067,"Marlon Humphrey",CB,Alabama
2560947,"Kenny Young",LB,UCLA
2495299,"Daniel Kilgore",C,"Appalachian State"
2506581,"Ryan Fitzpatrick",QB,Harvard
2552403,"Nick O'Leary",TE,"Florida State"
2552409,"DeVante Parker",WR,Louisville
2553705,"Jesse Davis",G,Idaho
2556190,"Jakeem Grant",WR,"Texas Tech"
2557963,"Julie'n Davenport",T,Bucknell
2558181,"Danny Isidora",G,"Miami (Fla.)"
2560880,"Durham Smythe",TE,"Notre Dame"
2560967,"Kalen Ballage",RB,"Arkansas State"
2562255,"Michael Deiter",OG,Wisconsin
2557841,"Tim Williams",OLB,Alabama
2558166,"Tyus Bowser",OLB,Houston
2560963,"Anthony Averett",CB,Alabama
2550353,"Allen Hurns",WR,Miami
2555209,"Chris Moore",WR,Cincinnati
2558248,"Chuck Clark",FS,"Virginia Tech"
2561301,"Chris Board",LB,"North Dakota State"
2555230,"Kenyan Drake",RB,Alabama
2560994,"Mike Gesicki",TE,"Penn State"
4365,"Brandon Carr",CB,"Grand Valley State"
2562805,"Preston Williams",WR,"Colorado State"
2559283,"Jomal Wiltz",CB,"Iowa State"
2562959,"Chandler Cox",FB,Auburn
2561226,"Chris Lammons",DB,"South Carolina"
2508004,"Anthony Levine",DB,"Tennessee State"
2543724,"Walt Aikens",CB,Liberty
2533033,"Robert Griffin III",QB,Baylor
2563100,"Patrick Mekari",T,California
2561256,"Steven Parker",DB,Oklahoma
2532792,"Justin Bethel",CB,Presbyterian
2555380,"Cyrus Jones",CB,Alabama
2560715,"DeShon Elliott",DB,Texas
2560858,"Josh Rosen",QB,UCLA
2560915,"Mark Walton",HB,"Miami (Fla.)"
2550210,"James Hurst",G,"North Carolina"
2557906,"Vince Biegel",LB,Wisconsin
2561312,"James Crawford",LB,Illinois
496796,"Jerry Hughes",DE,"Texas Christian"
2539240,"Micah Hyde",SS,Iowa
2539290,"Jordan Poyer",FS,"Oregon State"
2539329,"Star Lotulelei",DT,Utah
2543503,"Trent Murphy",DE,Stanford
2557867,"Tre'Davious White",CB,"Louisiana State"
2557969,"Matt Milano",OLB,"Boston College"
2560713,"Tremaine Edmunds",LB,"Virginia Tech"
2560766,"Taron Johnson",CB,"Weber State"
2560914,"Levi Wallace",CB,Alabama
2562322,"Ed Oliver",DT,Houston
2495655,"Ryan Kalil",C,USC
2532922,"Kelechi Osemele",G,"Iowa State"
2533442,"Kelvin Beachum",T,"Southern Methodist"
2539247,"Brian Winters",G,"Kent State"
2540175,"Le'Veon Bell",RB,"Michigan State"
2541316,"Ryan Griffin",TE,Connecticut
2543828,"Quincy Enunwa",WR,Nebraska
2552415,"Jamison Crowder",WR,Duke
2555193,"Brandon Shell",T,"South Carolina"
2556462,"Robby Anderson",WR,Temple
2561036,"Sam Darnold",QB,"Southern California"
2535964,"Josh Bellamy",WR,Louisville
2552492,"Jordan Phillips",DT,Oklahoma
2555252,"Shaq Lawson",DE,Clemson
2560840,"Harrison Phillips",DT,Stanford
2562672,"Darryl Johnson",DE,"North Carolina A&T"
2495347,"Lee Smith",TE,Marshall
2506404,"Frank Gore",RB,Miami
2543847,"John Brown",WR,"Pittsburg State"
2552343,"Jon Feliciano",G,Miami
2552668,"Mitch Morse",C,Missouri
2553824,"Quinton Spain",G,"West Virginia"
2557863,"Zay Jones",WR,"East Carolina"
2557875,"Dion Dawkins",T,Temple
2560955,"Josh Allen",QB,Wyoming
2562266,"Cody Ford",T,Oklahoma
2562750,"Tommy Sweeney",TE,"Boston College"
2507590,"Steve McLendon",NT,Troy
2532877,"Trumaine Johnson",CB,Montana
2543464,"C.J. Mosley",ILB,Alabama
2552272,"Henry Anderson",DE,Stanford
2552486,"Leonard Williams",DE,"Southern California"
2553353,"Darryl Roberts",CB,Marshall
2553657,"Neville Hewitt",OLB,Marshall
2555256,"Jordan Jenkins",OLB,Georgia
2557979,"Jamal Adams",SS,"Louisiana State"
2557995,"Marcus Maye",FS,Florida
2558963,"Harvey Langi",LB,"Brigham Young"
2506268,"Lorenzo Alexander",OLB,California
2562777,"Trevon Wesco",TE,"West Virginia"
2535698,"Cole Beasley",WR,"Southern Methodist"
2555244,"Bronson Kaufusi",DE,"Brigham Young"
2556445,"Brian Poole",CB,Florida
2558165,"Tarell Basham",LB,Ohio
2562681,"Dawson Knox",TE,Mississippi
2561366,"Frankie Luvu",LB,"Washington State"
2560818,"Siran Neal",DB,"Jacksonville State"
2530763,"Patrick DiMarco",FB,"South Carolina"
2560729,"Robert Foster",WR,Alabama
2562599,"Quinnen Williams",NT,Alabama
2562734,"Devin Singletary",RB,"Florida Atlantic"
2561137,"Trenton Cannon",RB,"Virginia State"
2552429,"Ty Montgomery",RB,Stanford
2538176,"Ty Nsekhe",T,"Texas State"
2562496,"Blake Cashman",LB,Minnesota
2553900,"Daniel Brown",TE,"James Madison"
2506706,"Donald Penn",T,"Utah State"
2532888,"Case Keenum",QB,Houston
2543489,"Morgan Moses",T,Virginia
2543491,"Paul Richardson",WR,Colorado
2552032,"Brandon Scherff",G,Iowa
2552452,"Ereck Flowers",T,Miami
2557886,"Jeremy Sprinkle",TE,Arkansas
2558037,"Chase Roullier",C,Wyoming
2560847,"Trey Quinn",WR,"Southern Methodist"
2561000,"Derrius Guice",RB,LSU
2562489,"Terry McLaurin",WR,"Ohio State"
79848,"Malcolm Jenkins",SS,"Ohio State"
496788,"Brandon Graham",DE,Michigan
2532800,"Nigel Bradham",OLB,"Florida State"
2532804,"Zach Brown",ILB,"North Carolina"
2532873,"Malik Jackson",DT,Tennessee
2533051,"Fletcher Cox",DT,"Mississippi State"
2534832,"Rodney McLeod",FS,Virginia
2552689,"Ronald Darby",CB,"Florida State"
2557984,"Derek Barnett",DE,Tennessee
2558168,"Rasul Douglas",CB,"West Virginia"
2560795,"Avonte Maddox",CB,Pittsburgh
2495826,"Vernon Davis",TE,Maryland
2562577,"Kelvin Harmon",WR,"North Carolina State"
2543461,"Timmy Jernigan",DT,"Florida State"
2555514,"Hassan Ridgeway",DT,Texas
2495190,"Ryan Kerrigan",OLB,Purdue
2532920,"Josh Norman",CB,"Coastal Carolina"
2539978,"Jon Bostic",ILB,Florida
2552454,"Landon Collins",SS,Alabama
2553796,"Quinton Dunbar",CB,Florida
2555240,"Matthew Ioannidis",DE,Temple
2557844,"Jonathan Allen",DE,Alabama
2558133,"Montae Nicholson",FS,"Michigan State"
2562749,"Montez Sweat",LB,"Mississippi State"
2562858,"Jimmy Moreland",DB,"James Madison"
2562872,"Cole Holcomb",LB,"North Carolina"
1581,"DeSean Jackson",WR,California
2495298,"Jason Kelce",C,Cincinnati
2505827,"Jason Peters",OT,Arkansas
2533039,"Alshon Jeffery",WR,"South Carolina"
2534434,"Brandon Brooks",G,"Miami, O."
2539286,"Lane Johnson",T,Oklahoma
2540158,"Zach Ertz",TE,Stanford
2552600,"Nelson Agholor",WR,"Southern California"
2555259,"Carson Wentz",QB,"North Dakota State"
2555495,"Isaac Seumalo",G,"Oregon State"
2562722,"Miles Sanders",RB,"Penn State"
2506467,"Darren Sproles",RB,"Kansas State"
2560995,"Dallas Goedert",TE,"South Dakota State"
2532825,"Vinny Curry",DE,Marshall
2540011,"Chris Thompson",RB,"Florida State"
2557958,"Sidney Jones",CB,Washington
2556614,"Cassanova McKinzy",LB,Auburn
2557853,"Ryan Anderson",OLB,Alabama
2560871,"Tim Settle",NT,"Virginia Tech"
2560834,"Daron Payne",NT,Alabama
2555418,"Jordan Howard",RB,Indiana
2558175,"Nate Gerry",LB,Nebraska
2560889,"Josh Sweat",DE,"Florida State"
2561003,"Shaun Dion Hamilton",LB,Alabama
2559150,"Corey Clement",RB,Wisconsin
306,"Dominique Rodgers-Cromartie",CB,"Tennessee State"
2558007,"Caleb Brantley",DT,Florida
2560886,"Greg Stroman",DB,"Virginia Tech"
2558262,"Mack Hollins",WR,"North Carolina"
2562643,"Andre Dillard",T,"Washington State"
2555196,"Halapoulivaati Vaitai",T,"Texas Christian"
2562466,"J.J. Arcega-Whiteside",WR,Stanford
2495493,"Justin Houston",DE,Georgia
2539310,"Margus Hunt",DT,"Southern Methodist"
2543811,"Pierre Desir",CB,Lindenwood
2550646,"Denico Autry",DT,"Mississippi State"
2552386,"Clayton Geathers",FS,"Central Florida"
2558060,"Malik Hooker",FS,"Ohio State"
2558131,"Al-Quadin Muhammad",DE,Miami
2558851,"Anthony Walker",ILB,Northwestern
2558976,"Kenny Moore",CB,"Valdosta State"
2560789,"Darius Leonard",LB,"South Carolina State"
2562614,"Rock Ya-Sin",DB,Temple
2495216,"Mike Pouncey",C,Florida
2506121,"Philip Rivers",QB,"North Carolina State"
2532790,"Travis Benjamin",WR,"Miami (Fla.)"
2540154,"Keenan Allen",WR,California
2543732,"Michael Schofield",G,Michigan
2555341,"Hunter Henry",TE,Arkansas
2557873,"Dan Feeney",G,Indiana
2558026,"Sam Tevi",T,Utah
2558846,"Mike Williams",WR,Clemson
2559169,"Austin Ekeler",RB,"Western State, Colo."
2561544,"Trent Scott",T,Grambling
2495137,"Anthony Castonzo",T,"Boston College"
2532865,"T.Y. Hilton",WR,"Florida International"
2540232,"Jack Doyle",TE,"Western Kentucky"
2552467,"Mark Glowinski",G,"West Virginia"
2555191,"Ryan Kelly",C,Alabama
2555261,"Jacoby Brissett",QB,"North Carolina State"
2556396,"Chester Rogers",WR,"Grambling State"
2558123,"Marlon Mack",RB,"South Florida"
2558877,"Zach Pascal",WR,"Old Dominion"
2560820,"Quenton Nelson",G,"Notre Dame"
2560876,"Braden Smith",G,Auburn
2495677,"Brandon Mebane",NT,California
2506352,"Thomas Davis",OLB,Georgia
2532861,"Casey Hayward",CB,Vanderbilt
2532870,"Melvin Ingram",DE,"South Carolina"
2550842,"Adrian Phillips",SS,Texas
2555249,"Joey Bosa",DE,"Ohio State"
2557927,"Desmond King",CB,Iowa
2558182,"Rayshawn Jenkins",SS,Miami
2559164,"Michael Davis",CB,"Brigham Young"
2560769,"Justin Jones",DT,"North Carolina State"
2560928,"Kyzir White",LB,"West Virginia"
2543466,"Eric Ebron",TE,"North Carolina"
2558832,"Mo Alie-Cox",TE,"Virginia Commonwealth"
2560987,"Deon Cain",WR,Clemson
2560826,"Uchenna Nwosu",LB,"Southern California"
2561149,"Matthew Adams",ILB,Houston
2495288,"Virgil Green",TE,Nevada
2530700,"Dontrelle Inman",WR,Virginia
2555220,"Derek Watt",FB,Wisconsin
2560756,"Justin Jackson",RB,Northwestern
2555248,"Jihad Ward",DT,Illinois
2558766,"Grover Stewart",DT,"Albany State, Ga."
2560905,"Kemoko Turay",DE,Rutgers
2562229,"Ben Banogu",DE,"Texas Christian"
2552458,"Devin Funchess",WR,Michigan
2540003,"Damion Square",NT,Alabama
2560719,"Brandon Facyson",CB,"Virginia Tech"
2562495,"Parris Campbell",WR,"Ohio State"
2562763,"Jerry Tillery",DT,"Notre Dame"
2562416,"Bobby Okereke",LB,Stanford
2562602,"Khari Willis",DB,"Michigan State"
2557890,"Forrest Lamp",OG,"Western Kentucky"
2560742,"Nyheim Hines",RB,"North Carolina State"
2557860,"Isaac Rochell",DE,"Notre Dame"
2543707,"Jaylen Watkins",SS,Florida
496762,"Geno Atkins",DT,Georgia
496780,"Carlos Dunlap",DE,Florida
2533060,"Dre Kirkpatrick",CB,Alabama
2539233,"Shawn Williams",SS,Georgia
2539338,"B.W. Webb",CB,"William & Mary"
2543814,"Preston Brown",MLB,Louisville
2555528,"Nick Vigil",OLB,"Utah State"
2556367,"William Jackson",CB,Houston
2557851,"Ryan Glasgow",DT,Michigan
2560745,"Sam Hubbard",DE,"Ohio State"
2560970,"Jessie Bates",S,"Wake Forest"
808,"Duane Brown",T,"Virginia Tech"
2532975,"Russell Wilson",QB,Wisconsin
2540166,"D.J. Fluker",OG,Alabama
2541966,"Jaron Brown",WR,Clemson
2550135,"Justin Britt",C,Missouri
2552430,"Tyler Lockett",WR,"Kansas State"
2555395,"Germain Ifedi",G,"Texas A&M"
2557891,"Ethan Pocic",C,"Louisiana State"
2558865,"Chris Carson",RB,"Oklahoma State"
2561046,"Will Dissly",TE,Washington
2562685,"D.K. Metcalf",WR,Mississippi
71465,"Andre Smith",T,Alabama
2495143,"Andy Dalton",QB,"Texas Christian"
2550208,"Trey Hopkins",G,Texas
2552335,"Bobby Hart",OT,"Florida State"
2552559,"C.J. Uzomah",TE,Auburn
2553436,"John Miller",G,Louisville
2555466,"Tyler Boyd",WR,Pittsburgh
2557976,"Joe Mixon",HB,Oklahoma
2558010,"John Ross",WR,Washington
2562679,"Mike Jordan",OG,"Ohio State"
2563238,"Damion Willis",WR,Troy
496881,"Al Woods",DT,LSU
2495252,"K.J. Wright",OLB,"Mississippi State"
2532890,"Mychal Kendricks",OLB,California
2532966,"Bobby Wagner",MLB,"Utah State"
2539243,"Bradley McDougald",SS,Kansas
2543456,"Jadeveon Clowney",DE,"South Carolina"
2555358,"Quinton Jefferson",DE,Maryland
2557881,"Tedric Thompson",FS,Colorado
2558259,"Shaquill Griffin",CB,"Central Florida"
2560728,"Tre Flowers",CB,"Oklahoma State"
2562914,"Bryan Mone",NT,Michigan
2540148,"Tyler Eifert",TE,"Notre Dame"
2556880,"Branden Jackson",DE,"Texas Tech"
2560998,"Rasheem Green",DE,"Southern California"
2561195,"Poona Ford",DT,Texas
2555267,"Andrew Billings",DT,Baylor
2556524,"George Fant",OT,"Western Kentucky"
2555355,"Clayton Fejedelem",FS,Illinois
2557901,"Carl Lawson",DE,Auburn
2550312,"Kerry Wynn",DE,Richmond
2559003,"Josh Tupou",DT,Colorado
2495262,"Nick Bellore",FB,"Central Michigan"
2560835,"Rashaad Penny",RB,"San Diego State"
2561671,"Malik Turner",WR,Illinois
2562702,"Germaine Pratt",LB,"North Carolina State"
2555289,"Nick Vannett",TE,"Ohio State"
2540156,"Giovani Bernard",HB,"North Carolina"
2555419,"Pharoh Cooper",WR,"South Carolina"
2562720,"Drew Sample",TE,Washington
2562464,"Ugo Amadi",FS,Oregon
2556817,"Tony McRae",CB,"North Carolina A&T"
2562612,"Renell Wren",DT,"Arizona State"
2556519,"Alex Erickson",WR,Wisconsin
2495507,"Richard Sherman",CB,Stanford
2543494,"Dee Ford",DE,Auburn
2552391,"Jaquiski Tartt",FS,Samford
2552493,"Arik Armstead",DE,Oregon
2552592,"Kwon Alexander",MLB,LSU
2555275,"DeForest Buckner",DE,Oregon
2558157,"Ahkello Witherspoon",CB,Colorado
2558265,"D.J. Jones",DT,Mississippi
2560917,"Fred Warner",LB,"Brigham Young"
2561117,"Tarvarius Moore",DB,"Southern Mississippi"
2562428,"Dre Greenlaw",LB,Arkansas
2507716,"Demar Dotson",OT,"Southern Mississippi"
2541159,"Ryan Jensen",C,"Colorado State-Pueblo"
2543468,"Mike Evans",WR,"Texas A&M"
2552033,"Jameis Winston",QB,"Florida State"
2552332,"Ali Marpet",G,Hobart
2552460,"Donovan Smith",T,"Penn State"
2556466,"Peyton Barber",RB,Auburn
2557856,"O.J. Howard",TE,Alabama
2558105,"Chris Godwin",WR,"Penn State"
2559044,"Antony Auclair",TE,"Laval (Canada)"
2560991,"Alex Cappa",G,"Humboldt State"
2495746,"Joe Staley",T,"Central Michigan"
2508140,"Mike Person",C,"Montana State"
2539964,"Marquise Goodwin",WR,Texas
2540230,"Kyle Juszczyk",FB,Harvard
2543705,"Weston Richburg",C,"Colorado State"
2543801,"Jimmy Garoppolo",QB,"Eastern Illinois"
2552345,"Laken Tomlinson",G,Duke
2552453,"Tevin Coleman",RB,Indiana
2558266,"George Kittle",TE,Iowa
2560805,"Mike McGlinchey",OT,"Notre Dame"
2562721,"Deebo Samuel",WR,"South Carolina"
494307,"Darian Stewart",FS,"South Carolina"
496861,"Ndamukong Suh",DT,Nebraska
2532828,"Lavonte David",OLB,Nebraska
2540176,"William Gholston",DE,"Michigan State"
2550541,"Shaquil Barrett",OLB,"Colorado State"
2555270,"Carl Nassib",OLB,"Penn State"
2555299,"Vernon Hargreaves III",CB,Florida
2560909,"Vita Vea",DT,Washington
2560930,"Jordan Whitehead",DB,Pittsburgh
2561039,"Carlton Davis",CB,Auburn
2562781,"Devin White",LB,"Louisiana State"
2561060,"Ross Dwelley",TE,"San Diego"
2543884,"Beau Allen",DT,Wisconsin
2550654,"K'Waun Williams",CB,Pittsburgh
2552597,"Breshad Perriman",WR,"Central Florida"
2559013,"Bobo Wilson",WR,"Florida State"
2555241,"Sheldon Day",DT,"Notre Dame"
2555251,"Ronald Blair",DE,"Appalachian State"
2558018,"Solomon Thomas",DE,Stanford
2560770,"Ronald Jones",RB,"Southern California"
2562629,"Nick Bosa",DE,"Ohio State"
2550656,"Cameron Brate",TE,Harvard
2559362,"Dare Ogunbowale",RB,Wisconsin
2552684,"Mark Nzeocha",MLB,Wyoming
2558918,"Matt Breida",RB,"Georgia Southern"
2552674,"Rakeem Nunez-Roches",DT,"Southern Mississippi"
2562507,"Anthony Nelson",OLB,Iowa
2560761,"Richie James",WR,"Middle Tennessee"
2560884,"M.J. Stewart",CB,"North Carolina"
2553728,"Raheem Mostert",RB,Purdue
2560836,"Dante Pettis",WR,Washington
2543769,"Deone Bucannon",ILB,"Washington State"
2540203,"Levine Toilolo",TE,Stanford
2558914,"Kendrick Bourne",WR,"Eastern Washington"
2561072,"Emmanuel Moseley",CB,Tennessee
2562635,"Sean Murphy-Bunting",DB,"Central Michigan"
2561078,"Jullian Taylor",DT,Temple
2540185,"Mike Edwards",FS,Kentucky
496733,"Joe Haden",CB,Florida
2508109,"Cameron Heyward",DT,"Ohio State"
2540221,"Vince Williams",ILB,"Florida State"
2543483,"Stephon Tuitt",DE,"Notre Dame"
2552265,"Steven Nelson",CB,"Oregon State"
2552289,"Bud Dupree",OLB,Kentucky
2555239,"Javon Hargrave",NT,"South Carolina State"
2558064,"T.J. Watt",OLB,Wisconsin
2560712,"Terrell Edmunds",S,"Virginia Tech"
2560778,"Kam Kelly",DB,"San Diego State"
2562243,"Devin Bush",LB,Michigan
238498,"Julian Edelman",WR,"Kent State"
2495131,"Marcus Cannon",T,"Texas Christian"
2504211,"Tom Brady",QB,Michigan
2508101,"James Develin",FB,Brown
2537931,"Josh Gordon",WR,Utah
2552563,"Shaq Mason",G,"Georgia Tech"
2555145,"Ted Karras",C,Illinois
2555281,"Joe Thuney",G,"North Carolina State"
2560751,"Ryan Izzo",TE,"Florida State"
2560809,"Sony Michel",RB,Georgia
2560945,"Isaiah Wynn",T,Georgia
2532789,"Mark Barron",ILB,Alabama
2556559,"Mike Hilton",CB,Mississippi
2532797,"Brandon Bolden",RB,Mississippi
2558849,"Cameron Sutton",CB,Tennessee
2543773,"James White",RB,Wisconsin
2552424,"Phillip Dorsett",WR,Miami
496760,"Tyson Alualu",DE,California
81821,"Ramon Foster",G,Tennessee
497042,"Maurkice Pouncey",C,Florida
2506109,"Ben Roethlisberger",QB,"Miami (Ohio)"
2533043,"David DeCastro",G,Stanford
2540215,"Vance McDonald",TE,Rice
2543614,"Donte Moncrief",WR,Mississippi
2550130,"Alejandro Villanueva",T,Army
2550561,"Matt Feiler",T,Bloomsburg
2557978,"James Conner",RB,Pittsburgh
2558149,"JuJu Smith-Schuster",WR,"Southern California"
2560920,"James Washington",WR,"Oklahoma State"
71251,"Patrick Chung",SS,Oregon
89756,"Jason McCourty",CB,Rutgers
494287,"Devin McCourty",FS,Rutgers
2495481,"Lawrence Guy",DT,"Arizona State"
2507617,"Michael Bennett",DE,"Texas A&M"
2533057,"Dont'a Hightower",MLB,Alabama
2533062,"Stephon Gilmore",CB,"South Carolina"
2539280,"John Simon",DE,"Ohio State"
2539311,"Jamie Collins",OLB,"Southern Mississippi"
2555294,"Shilique Calhoun",LB,"Michigan State"
2556571,"Jonathan Jones",CB,Auburn
2557960,"Ryan Switzer",WR,"North Carolina"
2556805,"Johnny Holton",WR,Cincinnati
2560862,"Jaylen Samuels",RB,"North Carolina State"
2550521,"Xavier Grimble",TE,USC
2541243,"Duron Harmon",FS,Rutgers
2552325,"Danny Shelton",DT,Washington
2558000,"Deatrich Wise",DE,Arkansas
2560754,"J.C. Jackson",DB,Maryland
2561143,"Ja'Whaun Bentley",LB,Purdue
2552266,"Anthony Chickillo",OLB,Miami
2539265,"Rex Burkhead",RB,Nebraska
2558924,"Adam Butler",DT,Vanderbilt
2562607,"Chase Winovich",DE,Michigan
2562492,"Jakobi Meyers",WR,"North Carolina State"
2550154,"Dan McCullers",DT,Tennessee
2558257,"Jermaine Eluemunor",T,"Texas A&M"
2543712,"Terrence Brooks",SS,"Florida State"
2550562,"James Ferentz",C,Iowa
2563329,"Gunner Olszewski",WR,"Bemidji State"
2532889,"Senio Kelemete",G,Washington
2540165,"DeAndre Hopkins",WR,Clemson
2540928,"Darren Fells",TE,California-Irvine
2543730,"Seantrel Henderson",T,"Miami (Fla.)"
2543743,"Carlos Hyde",RB,"Ohio State"
2543862,"Zach Fulton",G,Tennessee
2553502,"DeAndre Carter",WR,"Sacramento State"
2555189,"Nick Martin",C,"Notre Dame"
2555201,"Laremy Tunsil",T,Mississippi
2555346,"Will Fuller",WR,"Notre Dame"
2558063,"Deshaun Watson",QB,Clemson
2495184,"Cameron Jordan",DE,California
2533008,"Demario Davis",ILB,"Arkansas State"
2539982,"A.J. Klein",OLB,"Iowa State"
2552483,"Malcom Brown",DT,Texas
2552484,"P.J. Williams",CB,"Florida State"
2555277,"Eli Apple",CB,"Ohio State"
2555530,"Vonn Bell",FS,"Ohio State"
2558061,"Marshon Lattimore",CB,"Ohio State"
2558847,"Marcus Williams",FS,Utah
2561037,"Marcus Davenport",DE,"Texas-San Antonio"
2563242,"Shy Tuttle",DT,Tennessee
2552461,"Duke Johnson",RB,Miami
2560951,"Jordan Akins",TE,"Central Florida"
2557943,"Trey Hendrickson",DE,"Florida Atlantic"
2560882,"Taylor Stallworth",DT,"South Carolina"
2495488,"J.J. Watt",DE,Wisconsin
2495872,"Johnathan Joseph",CB,"South Carolina"
2532848,"Tashaun Gipson",FS,Wyoming
2533049,"Whitney Mercilus",OLB,Illinois
2543501,"Aaron Colvin",CB,Oklahoma
2543505,"Bradley Roby",CB,"Ohio State"
2550559,"Brandon Dunn",DT,Louisville
2552490,"Benardrick McKinney",ILB,"Mississippi State"
2555388,"D.J. Reader",DT,Clemson
2558094,"Zach Cunningham",ILB,Vanderbilt
2560851,"Justin Reid",SS,Stanford
71265,"Jared Cook",TE,"South Carolina"
2504775,"Drew Brees",QB,Purdue
2507166,"Ted Ginn",WR,"Ohio State"
2539248,"Larry Warford",G,Kentucky
2540228,"Terron Armstead",T,"Arkansas-Pine Bluff"
2552455,"Andrus Peat",T,Stanford
2556370,"Michael Thomas",WR,"Ohio State"
2557959,"Ryan Ramczyk",T,Wisconsin
2558019,"Alvin Kamara",RB,Tennessee
2561224,"Keith Kirkwood",WR,Temple
2562683,"Erik McCoy",C,"Texas A&M"
2557877,"Carlos Watkins",DT,Clemson
2541161,"Latavius Murray",RB,"Central Florida"
2541834,"Josh Hill",TE,"Idaho State"
2558954,"Taysom Hill",QB,"Brigham Young"
2560878,"Tre'Quan Smith",WR,"Central Florida"
2540202,"Kenny Stills",WR,Oklahoma
2556753,"Mitchell Loewen",DE,Arkansas
2552670,"Angelo Blackson",DE,Auburn
2556673,"Brennan Scarlett",OLB,Stanford
2559152,"Dylan Cole",ILB,"Missouri State"
2539303,"Zach Line",FB,"Southern Methodist"
2561092,"Jake Martin",LB,Temple
2558163,"Alex Anzalone",OLB,Florida
2541958,"Jahleel Addae",SS,"Central Michigan"
2562588,"Chauncey Gardner-Johnson",DB,Florida
496735,"Kareem Jackson",CB,Alabama
2495202,"Von Miller",OLB,"Texas A&M"
2530510,"Chris Harris",CB,Kansas
2533026,"Derek Wolfe",DE,Cincinnati
2549926,"Shelby Harris",NT,"Illinois State"
2550167,"Corey Nelson",ILB,Oklahoma
2555502,"Adam Gotsis",DE,"Georgia Tech"
2555550,"Justin Simmons",SS,"Boston College"
2560763,"Josey Jewell",LB,Iowa
2560946,"Isaac Yiadom",DB,"Boston College"
2561020,"Bradley Chubb",DE,"North Carolina State"
2495171,"Rodney Hudson",C,"Florida State"
2540247,"Jordan Devey",T,Memphis
2543499,"Derek Carr",QB,"Fresno State"
2543759,"Ryan Grant",WR,Tulane
2552350,"Trent Brown",T,Florida
2552408,"Darren Waller",TE,"Georgia Tech"
2553460,"Denzelle Good",T,"Mars Hill"
2553913,"Tyrell Williams",WR,"Western Oregon"
2560811,"Kolton Miller",T,UCLA
2562288,"Alec Ingold",RB,Wisconsin
2562377,"Josh Jacobs",RB,Alabama
2562317,"Foster Moreau",TE,LSU
2556278,"Will Parks",FS,Arizona
382,"Joe Flacco",QB,Delaware
497322,"Emmanuel Sanders",WR,"Southern Methodist"
2533454,"Ronald Leary",G,Memphis
2543755,"Ja'Wuan James",OT,Tennessee
2552399,"Jeff Heuerman",TE,"Ohio State"
2555133,"Connor McGovern",C,Missouri
2558014,"Garett Bolles",T,Utah
2559947,"Phillip Lindsay",RB,Colorado
2560734,"Troy Fumagalli",TE,Wisconsin
2562383,"Noah Fant",TE,Iowa
2562714,"Dalton Risner",G,"Kansas State"
2532986,"Tahir Whitehead",OLB,Temple
2533058,"Vontaze Burfict",OLB,"Arizona State"
2540147,"Johnathan Hankins",DT,"Ohio State"
2550437,"Josh Mauro",DE,Stanford
2555342,"Karl Joseph",SS,"West Virginia"
2555394,"Daryl Worley",CB,"West Virginia"
2557972,"Marquel Lee",MLB,"Wake Forest"
2558062,"Gareon Conley",CB,"Ohio State"
2560748,"Maurice Hurst",DT,Michigan
2562263,"Clelin Ferrell",DE,Clemson
2562616,"Johnathan Abram",S,"Mississippi State"
2557894,"DeMarcus Walker",DE,"Florida State"
2562712,"Hunter Renfrow",WR,Clemson
2560888,"Courtland Sutton",WR,"Southern Methodist"
2561002,"DaeSean Hamilton",WR,"Penn State"
2543492,"Lamarcus Joyner",FS,"Florida State"
2560080,"P.J. Hall",DT,"Sam Houston State"
2560733,"Royce Freeman",RB,Oregon
2542009,"Benson Mayowa",DE,Idaho
2553822,"Curtis Riley",FS,"Fresno State"
2560779,"Arden Key",DE,LSU
2558985,"Tim Patrick",WR,Utah
2562439,"Maxx Crosby",DE,"Eastern Michigan"
2559295,"Elijah Wilkinson",T,Massachusetts
2552656,"J.J. Nelson",WR,Alabama-Birmingham
2560832,"Brandon Parker",T,"North Carolina A&T"
2562285,"Justin Hollins",LB,Oregon
2562825,"Malik Reed",OLB,Nevada
2541634,"Mike Purcell",NT,Wyoming
2556885,"Jalen Richard",RB,"Southern Mississippi"
2562380,"Trayvon Mullen",CB,Clemson
2555464,"DeAndre Washington",RB,"Texas Tech"
2540159,"Kevin Minter",MLB,"Louisiana State"
2555307,"Devante Bond",OLB,Oklahoma
2561022,"Jack Cichy",LB,Wisconsin
71269,"Michael Crabtree",WR,"Texas Tech"
71461,"A.Q. Shipley",C,"Penn State"
2506106,"Larry Fitzgerald",WR,Pittsburgh
2533342,"J.R. Sweezy",G,"North Carolina State"
2540195,"Justin Pugh",G,Syracuse
2552626,"D.J. Humphries",OT,Florida
2553435,"David Johnson",RB,"Northern Iowa"
2553499,"Damiere Byrd",WR,"South Carolina"
2556628,"Justin Murray",OT,Cincinnati
2560781,"Christian Kirk",WR,"Texas A&M"
2562382,"Kyler Murray",QB,Oklahoma
496841,"Corey Peters",DT,Kentucky
2505660,"Terrell Suggs",OLB,"Arizona State"
2507917,"Tramaine Brock",CB,Belhaven
2533538,"Chandler Jones",OLB,Syracuse
2539943,"D.J. Swearinger",FS,"South Carolina"
2552315,"Jordan Hicks",MLB,Texas
2553437,"Rodney Gunter",DT,"Delaware State"
2556192,"Joe Walker",MLB,Oregon
2557887,"Haason Reddick",ILB,Temple
2558009,"Budda Baker",FS,Washington
2562318,"Byron Murphy",CB,Washington
2552468,"Maxx Williams",TE,Minnesota
2555178,"Maurice Canady",CB,Virginia
2543868,"Cassius Marsh",LB,UCLA
2562219,"Zach Allen",DE,"Boston College"
89758,"Clinton McDonald",DT,Memphis
2495139,"Charles Clay",TE,Tulsa
2560711,"Chase Edmonds",RB,Fordham
2562677,"KeeSean Johnson",WR,"Fresno State"
2560767,"Chris Jones",CB,Nebraska
2561272,"Trent Sherfield",WR,Vanderbilt
2562760,"Deionte Thompson",S,Alabama
2563016,"Miles Brown",NT,Wofford
2560890,"Auden Tate",WR,"Florida State"
2560938,"Jeff Wilson",RB,"North Texas"
497018,"John Jerry",G,Mississippi
2562927,"Justin Skule",T,Vanderbilt
2543680,"Antone Exum",FS,"Virginia Tech"
2560850,"D.J. Reed",DB,"Kansas State"
2562462,"Azeez Al-Shaair",LB,"Florida Atlantic"
2560843,"Billy Price",C,"Ohio State"
2507865,"Ben Garland",G,"Air Force"
496790,"Everson Griffen",DE,"Southern California"
496802,"Linval Joseph",DT,"East Carolina"
2532948,"Harrison Smith",FS,"Notre Dame"
2540155,"Xavier Rhodes",CB,"Florida State"
2543459,"Anthony Barr",OLB,UCLA
2543706,"Shamar Stephen",NT,Connecticut
2552312,"Eric Kendricks",MLB,UCLA
2552448,"Trae Waynes",CB,"Michigan State"
2552603,"Danielle Hunter",DE,"Louisiana State"
2553655,"Anthony Harris",FS,Virginia
2559012,"Eric Wilson",OLB,Cincinnati
2495438,"Kyle Rudolph",TE,"Notre Dame"
2532820,"Kirk Cousins",QB,"Michigan State"
2533042,"Riley Reiff",T,Iowa
2541142,"Josh Kline",G,"Kent State"
2541785,"Adam Thielen",WR,"Minn. State-Mankato"
2543805,"Dakota Dozier",G,Furman
2552608,"Stefon Diggs",WR,Maryland
2557991,"Dalvin Cook",RB,"Florida State"
2560831,"Brian O'Neill",T,Pittsburgh
2562632,"Garrett Bradbury",C,"North Carolina State"
2562738,"Irv Smith",TE,Alabama
2555522,"B.J. Goodson",ILB,Clemson
2556803,"C.J. Ham",FB,"Augustana, S.D."
2562682,"Alexander Mattison",RB,"Boise State"
2555156,"Jayron Kearse",SS,Clemson
2557845,"Jaleel Johnson",DT,Iowa
2555529,"Stephen Weatherly",DE,Vanderbilt
2562671,"Elgton Jenkins",G,"Mississippi State"
2558920,"Fadol Brown",DE,Mississippi
2561027,"Tyler Conklin",TE,"Central Michigan"
2561482,"Chad Beebe",WR,"Northern Illinois"
2562376,"Rashan Gary",LB,Michigan
2552374,"Ameer Abdullah",RB,Nebraska
2562465,"Bisi Johnson",WR,"Colorado State"
2555545,"Will Redmond",S,"Mississippi State"
2558278,"Ifeadi Odenigbo",DE,Northwestern
2543699,"Kyle Van Noy",OLB,"Brigham Young"
2556119,"Elandon Roberts",MLB,Houston
1037880,"J'Marcus Webb",T,"West Texas A&M"
2562805,"Preston Williams",WR,"Colorado State"
497030,"Marshall Newhouse",T,"Texas Christian"
2553667,"Matt LaCosse",TE,Illinois
2508061,"Antonio Brown",WR,"Central Michigan"
4487,"Matthew Slater",WR,UCLA
2539224,"Tank Carradine",DE,"Florida State"
2550353,"Allen Hurns",WR,Miami
2561058,"Korey Cunningham",T,Cincinnati
2562392,"Byron Cowart",DE,Maryland
2562776,"Ken Webster",DB,Mississippi
2555181,"Evan Boehm",G,Missouri
2560915,"Mark Walton",HB,"Miami (Fla.)"
2553562,"Dean Marlowe",DB,"James Madison"
2495232,"Nate Solder",T,Colorado
2505996,"Eli Manning",QB,Mississippi
2532835,"Rhett Ellison",TE,USC
2532980,"Kevin Zeitler",G,Wisconsin
2535607,"Mike Remmers",T,"Oregon State"
2543590,"Cody Latimer",WR,Indiana
2543708,"Jon Halapio",C,Florida
2550198,"Bennie Fowler",WR,"Michigan State"
2557858,"Evan Engram",TE,Mississippi
2560737,"Will Hernandez",G,"Texas-El Paso"
2560968,"Saquon Barkley",RB,"Penn State"
2541944,"Russell Shepard",WR,LSU
2556762,"Elijhaa Penny",RB,Idaho
2495807,"Antoine Bethea",FS,Howard
2532875,"Janoris Jenkins",CB,"North Alabama"
2540143,"Alec Ogletree",LB,Georgia
2552273,"Markus Golden",OLB,Missouri
2557846,"Dalvin Tomlinson",DT,Alabama
2557980,"Jabrill Peppers",FS,Michigan
2560740,"B.J. Hill",DT,"North Carolina State"
2561015,"Lorenzo Carter",OLB,Georgia
2562227,"Deandre Baker",CB,Georgia
2562301,"Dexter Lawrence",DT,Clemson
2562638,"Ryan Connelly",LB,Wisconsin
2543836,"T.J. Jones",WR,"Notre Dame"
2561001,"Grant Haley",CB,"Penn State"
2562613,"Oshane Ximines",LB,"Old Dominion"
2558129,"Isaiah McKenzie",WR,Georgia
2562734,"Devin Singletary",RB,"Florida Atlantic"
2560806,"R.J. McIntosh",DT,Miami
2555331,"Cody Core",WR,Mississippi
2553744,"Eric Tomlinson",TE,"Texas-El Paso"
2535687,"Michael Thomas",SS,Stanford
2553583,"Olsen Pierre",DT,Miami
2552261,"Kevin Johnson",CB,"Wake Forest"
2550140,"Spencer Long",C,Nebraska
2558077,"Lano Hill",SS,Michigan
497016,"Mike Iupati",OG,Idaho
2555386,"Sean Davis",SS,Maryland
2562248,"L.J. Collier",DE,"Texas Christian"
2557908,"Zach Banner",T,"Southern California"
2562743,"Benny Snell",RB,Kentucky
2539932,"Jamar Taylor",CB,"Boise State"
2555417,"C.J. Prosise",RB,"Notre Dame"
2560860,"Mason Rudolph",QB,"Oklahoma State"
2562674,"Diontae Johnson",WR,Toledo
2560950,"Ola Adeniyi",OLB,Toledo
2560791,"Tyquan Lewis",DT,"Ohio State"
2561044,"Matt Dickerson",DE,UCLA
2560933,"Jordan Wilkins",RB,Mississippi
2557961,"Quincy Wilson",CB,Florida
496937,"Sean Lee",ILB,"Penn State"
2532821,"Tyrone Crawford",DE,"Boise State"
2541832,"Jeff Heath",SS,"Saginaw Valley State"
2543490,"Demarcus Lawrence",DE,"Boise State"
2552568,"Byron Jones",CB,Connecticut
2555310,"Jaylon Smith",MLB,"Notre Dame"
2555400,"Maliek Collins",DT,Nebraska
2556792,"Antwaun Woods",DT,"Southern California"
2557840,"Chidobe Awuzie",CB,Colorado
2558159,"Xavier Woods",FS,"Louisiana Tech"
2560908,"Leighton Vander Esch",LB,"Boise State"
2507164,"Adrian Peterson",RB,Oklahoma
2495435,"Tyron Smith",T,"Southern California"
2505629,"Jason Witten",TE,Tennessee
2536044,"Jamize Olawale",FB,"North Texas"
2540161,"Travis Frederick",C,Wisconsin
2543480,"Zack Martin",G,"Notre Dame"
2552487,"Amari Cooper",WR,Alabama
2553505,"La'el Collins",T,"Louisiana State"
2555224,"Ezekiel Elliott",RB,"Ohio State"
2555260,"Dak Prescott",QB,"Mississippi State"
2560735,"Michael Gallup",WR,"Colorado State"
2560934,"Connor Williams",G,Texas
2495448,"Randall Cobb",WR,Kentucky
2553710,"Deshazor Everett",SS,"Texas A&M"
2550433,"Kerry Hyder",DE,"Texas Tech"
2555531,"Anthony Brown",CB,Purdue
2560959,"Dorance Armstrong",DE,Kansas
2563033,"Steven Sims",WR,Kansas
2550262,"Joe Thomas",ILB,"South Carolina State"
2552602,"Christian Covington",DT,Rice
2555536,"Kavon Frazier",SS,"Central Michigan"
2533010,"Tony Bergstrom",G,Utah
2561019,"Geron Christian",T,Louisville
2557920,"Jourdan Lewis",CB,Michigan
2555461,"Wendell Smallwood",RB,"West Virginia"
2559193,"Blake Jarwin",TE,"Oklahoma State"
2562699,"Tony Pollard",RB,Memphis
2553434,"Devin Smith",WR,"Ohio State"
2558254,"Robert Davis",WR,"Georgia State"
2560936,"Ced Wilson",WR,"Boise State"
2561144,"Simeon Thomas",DB,Louisiana-Lafayette
2543654,"Cameron Fleming",T,Stanford
2560866,"Dalton Schultz",TE,Stanford
2539319,"Alex Okafor",DE,Texas
2540180,"Tyrann Mathieu",FS,"Louisiana State"
2543571,"Bashaud Breeland",CB,Clemson
2543592,"Anthony Hitchens",MLB,Iowa
2552629,"Frank Clark",DE,Michigan
2552686,"Damien Wilson",OLB,Minnesota
2555322,"Darron Lee",ILB,"Ohio State"
2556369,"Chris Jones",DT,"Mississippi State"
2560823,"Derrick Nnadi",NT,"Florida State"
2561417,"Charvarius Ward",CB,"Middle Tennessee"
2562761,"Juan Thornhill",DB,Virginia
2534241,"Derek Carrier",TE,Beloit
2553764,"Xavier Williams",DT,"Northern Iowa"
2532945,"Mitchell Schwartz",T,California
2539213,"Eric Fisher",T,"Central Michigan"
2540258,"Travis Kelce",TE,Cincinnati
2543457,"Sammy Watkins",WR,Clemson
2543816,"Laurent Duvernay-Tardif",G,McGill
2550512,"Damien Williams",RB,Oklahoma
2552478,"Blake Bell",TE,Oklahoma
2553452,"Austin Reiter",C,"South Florida"
2558125,"Patrick Mahomes",QB,"Texas Tech"
2559354,"Andrew Wylie",OT,"Eastern Michigan"
2562580,"Mecole Hardman",WR,Georgia
2555568,"Erik Harris",SS,"California, Pa."
2552240,"Cameron Erving",G,"Florida State"
2555478,"Demarcus Robinson",WR,Florida
79607,"LeSean McCoy",RB,Pittsburgh
2562938,"Keisean Nixon",CB,"South Carolina"
2555278,"Emmanuel Ogbah",DE,"Oklahoma State"
2555349,"Kendall Fuller",CB,"Virginia Tech"
2558080,"Joey Ivie",DT,Florida
2558185,"Tanoh Kpassagnon",DE,Villanova
2550257,"Daniel Sorensen",SS,"Brigham Young"
2561383,"Ben Niemann",LB,Iowa
2560844,"Byron Pringle",WR,"Kansas State"
2559054,"Nicholas Morrow",ILB,Greenville
2562393,"Keelan Doss",WR,California-Davis
2495340,"Anthony Sherman",FB,Connecticut
2532787,"Jeff Allen",G,Illinois
2562832,"Darwin Thompson",RB,"Utah State"
2562626,"Andrew Beck",FB,Texas
2550734,"Diontae Spencer",WR,"McNeese State"
2550284,"Trey Burton",TE,Florida
497026,"Ted Larsen",C,"North Carolina State"
2559485,"River Cracraft",WR,"Washington State"
2562412,"Dre'Mont Jones",DL,"Ohio State"
2555155,"Deon Bush",SS,Miami
2559485,"River Cracraft",WR,"Washington State"
2556274,"David Onyemata",DT,"Manitoba, Can."
2561023,"Will Clapp",C,"Louisiana State"
2553536,"Troy Hill",CB,Oregon
2553433,"Mario Edwards",DE,"Florida State"
2543465,"Teddy Bridgewater",QB,Louisville
2562391,"Greg Gaines",DT,Washington
2561043,"Jamil Demby",G,Maine
2539935,"Kiko Alonso",OLB,Oregon
2557870,"Taywan Taylor",WR,"Western Kentucky"
2558108,"Nate Hairston",CB,Temple
497328,"Demaryius Thomas",WR,"Georgia Tech"
2541316,"Ryan Griffin",TE,Connecticut
2553457,"Trevor Siemian",QB,Northwestern
2560722,"Foley Fatukasi",DT,Connecticut
2559018,"Pharaoh Brown",TE,Oregon
2550164,"T.J. Carrie",CB,Ohio
2560720,"Luke Falk",QB,"Washington State"
2562777,"Trevon Wesco",TE,"West Virginia"
2562818,"Kyle Phillips",DE,Tennessee
2562711,"Sheldrick Redwine",DB,Miami
2562605,"Mack Wilson",LB,Alabama
2559087,"Arthur Maulet",CB,Memphis
2550205,"Jonotthan Harrison",C,Florida
2559248,"Ricky Seals-Jones",TE,"Texas A&M"
2540287,"Rontez Miles",FS,"California (PA)"
2552471,"T.J. Yeldon",RB,Alabama
2560839,"Darius Phillips",CB,"Western Michigan"
2560979,"Andrew Brown",DE,Virginia
2541741,"LaRoy Reynolds",MLB,Virginia
2558801,"Jordan Evans",OLB,Oklahoma
497320,"Andre Roberts",WR,Citadel
2550930,"Todd Davis",ILB,"Sacramento State"
2560787,"Allen Lazard",WR,"Iowa State"
2563128,"Darrius Shepherd",WR,"North Dakota State"
2562956,"Juwann Winfree",WR,Colorado
2560755,"Josh Jackson",CB,Iowa
2562300,"Kingsley Keke",DL,"Texas A&M"
2553790,"DeVante Bausby",CB,"Pittsburg State"
2559299,"Evan Baylis",TE,Oregon
2557031,"Lucas Patrick",G,Duke
2532992,"Jack Crawford",DE,"Penn State"
2539334,"Desmond Trufant",CB,Washington
2543850,"Ricardo Allen",SS,Purdue
2552301,"Vic Beasley",DE,Clemson
2552327,"Grady Jarrett",DT,Clemson
2555162,"Deion Jones",MLB,"Louisiana State"
2555255,"De'Vondre Campbell",OLB,Minnesota
2555543,"Keanu Neal",FS,Florida
2557872,"Takkarist McKinley",DE,UCLA
2558184,"Damontae Kazee",SS,"San Diego State"
2560830,"Isaiah Oliver",CB,Colorado
2495116,"Allen Bailey",DE,Miami
2552329,"Tyeler Davison",DT,"Fresno State"
2541431,"Kemal Ishmael",FS,"Central Florida"
2495140,"Adrian Clayborn",DE,Iowa
310,"Matt Ryan",QB,"Boston College"
71375,"Alex Mack",C,California
2495134,"James Carpenter",G,Alabama
2495234,"Luke Stocker",TE,Tennessee
2495454,"Julio Jones",WR,Alabama
2533040,"Mohamed Sanu",WR,Rutgers
2543583,"Devonta Freeman",RB,"Florida State"
2543758,"Jake Matthews",T,"Texas A&M"
2552340,"Jamon Brown",G,Louisville
2555415,"Austin Hooper",TE,Stanford
2562311,"Kaleb McGary",T,Washington
2559924,"Ito Smith",RB,"Southern Mississippi"
2560854,"Calvin Ridley",WR,Alabama
2561061,"Russell Gage",WR,"Louisiana State"
2550400,"Keith Smith",FB,"San Jose State"
2561132,"Foye Oluokun",LB,Yale
2562249,"John Cominsky",DE,"Charleston, W. Va."
2555371,"Joe Haeg",T,"North Dakota State"
2562955,"E.J. Speed",LB,"Tarleton State"
2556373,"Wes Schweitzer",G,"San Jose State"
2552418,"Justin Hardy",WR,"East Carolina"
2562650,"Jaylon Ferguson",LB,"Louisiana Tech"
2560935,"Darrel Williams",RB,LSU
2555542,"Jordan Lucas",FS,"Penn State"
2555169,"Reggie Ragland",ILB,Alabama
2560975,"Braxton Berrios",WR,Miami
2535718,"Damon Harrison",DT,"William Penn"
2540288,"Darius Slay",CB,"Mississippi State"
2541200,"Rashaan Melvin",CB,"Northern Illinois"
2543869,"Devon Kennard",OLB,"Southern California"
2550572,"Christian Jones",ILB,"Florida State"
2552262,"Quandre Diggs",SS,Texas
2552278,"Trey Flowers",DE,Arkansas
2553637,"Justin Coleman",CB,Tennessee
2555265,"A'Shawn Robinson",DT,Alabama
2557855,"Jarrad Davis",MLB,Florida
2560913,"Tracy Walker",DB,Louisiana-Lafayette
2532826,"Mike Daniels",DT,Iowa
2556641,"Romeo Okwara",DE,"Notre Dame"
2562755,"Jahlani Tavai",LB,Hawaii
2563197,"Kevin Strong",DT,"Texas-San Antonio"
2534830,"Tavon Wilson",SS,Illinois
2562395,"Will Harris",DB,"Boston College"
2556737,"Alex Ellis",TE,Tennessee
79860,"Matthew Stafford",QB,Georgia
2532884,"Marvin Jones",WR,California
2539340,"Rick Wagner",T,Wisconsin
2552633,"Jesse James",TE,"Penn State"
2555136,"Joe Dahl",G,"Washington State"
2555182,"Graham Glasgow",C,Michigan
2555206,"Taylor Decker",T,"Ohio State"
2558052,"Kenny Golladay",WR,"Northern Illinois"
2560765,"Kerryon Johnson",RB,Auburn
2561142,"Frank Ragnow",C,Arkansas
2562378,"T.J. Hockenson",TE,Iowa
2525323,"Andrew Sendejo",SS,Rice
2540201,"Akeem Spence",DT,Illinois
2557034,"Marvin Hall",WR,Washington
2560972,"Nick Bawden",FB,"San Diego State"
2556440,"J.D. McKissic",RB,"Arkansas State"
2543767,"Logan Thomas",TE,"Virginia Tech"
2559278,"Greg Ward",WR,Houston
2530556,"Kenny Wiggins",G,"Fresno State"
2561527,"Mike Ford",CB,"Southeast Missouri"
2649,"Danny Amendola",WR,"Texas Tech"
2562293,"Ty Johnson",RB,Maryland
2557924,"Jalen Reeves-Maybin",OLB,Tennessee
2561017,"Sean Chandler",DB,Temple
2555295,"Sterling Shepard",WR,Oklahoma
2562299,"Daniel Jones",QB,Duke
2562865,"Scott Miller",WR,"Bowling Green State"
2562736,"Darius Slayton",WR,Auburn
2561318,"Tae Davis",ILB,Chattanooga
2563257,"Tuzar Skipper",LB,Toledo
2557952,"Wayne Gallman",RB,Clemson
2553441,"David Mayo",MLB,"Texas State"
2562295,"Lonnie Johnson",DB,Kentucky
2559161,"Sean Culkin",TE,Missouri
2562286,"Tytus Howard",T,"Alabama State"
2562726,"Max Scharping",T,"Northern Illinois"
2552310,"Denzel Perryman",ILB,Miami
2562981,"Roderic Teamer",DB,Tulane
2561029,"Keke Coutee",WR,"Texas Tech"
2562324,"Charles Omenihu",DE,Texas
2495187,"Lance Kendricks",TE,Wisconsin
2562906,"Cullen Gillaspia",RB,"Texas A&M"
2560725,"Minkah Fitzpatrick",S,Alabama
2543493,"Jason Verrett",CB,"Texas Christian"
2559108,"Daniel Brunskill",OT,"San Diego State"
2562654,"Zach Gentry",TE,Michigan
2555313,"Juston Burris",S,"North Carolina State"
2550221,"Cornelius Lucas",T,"Kansas State"
2558136,"Fabian Moreau",CB,UCLA
2555288,"Nick Kwiatkoski",ILB,"West Virginia"
2561088,"Abdullah Anderson",DT,Bucknell
2556852,"J.P. Holtz",TE,Pittsburgh
2558111,"Treyvon Hester",DT,Toledo
2556363,"Kamu Grugier-Hill",OLB,"Eastern Illinois"
2561230,"Alex Light",T,Richmond
2560887,"Chandon Sullivan",CB,"Georgia State"
2561486,"Craig James",CB,"Southern Illinois"
2555313,"Juston Burris",S,"North Carolina State"
2562308,"Daylon Mack",DT,"Texas A&M"
2562890,"Jakob Johnson",TE,Tennessee
2556646,"Kyle Peko",DT,"Oregon State"
2539308,"Matt Barkley",QB,"Southern California"
2506420,"Richie Incognito",G,Nebraska
2495228,"Jabaal Sheard",DE,Pittsburgh
2495483,"Corey Liuget",DT,Illinois
2561131,"George Odum",FS,"Central Arkansas"
2532974,"Kyle Wilber",OLB,"Wake Forest"
2562646,"Ashton Dulin",WR,Malone
2558145,"David Sharpe",T,Florida
2557882,"Taco Charlton",DE,Michigan
2557531,"Troymaine Pope",RB,"Jacksonville State"
2562705,"Isaiah Prince",T,"Ohio State"
2552654,"Geremy Davis",WR,Connecticut
2561336,"Trent Harris",LB,Miami
2556617,"Doug Middleton",S,"Appalachian State"
2558071,"Isaiah Ford",WR,"Virginia Tech"
2559227,"Andre Patton",WR,Rutgers
2535693,"Johnson Bademosi",CB,Stanford
2562617,"Nasir Adderley",FS,Delaware
2562765,"Drue Tranquill",LB,"Notre Dame"
2556148,"Jatavis Brown",OLB,Akron
2562823,"Cortez Broughton",DT,Cincinnati
2495240,"Tyrod Taylor",QB,"Virginia Tech"
2560846,"Scott Quessenberry",C,UCLA
2562697,"Trey Pipkins",T,"Sioux Falls"
2562916,"Wes Martin",G,Indiana
2555312,"Noah Spence",DE,"Eastern Kentucky"
2561624,"Garrett Dickerson",TE,Northwestern
2563062,"Jon Hilliman",RB,Rutgers
2560736,"Nick Gates",G,Nebraska
2562660,"Dwayne Haskins",QB,"Ohio State"
2533459,"Nate Stupar",ILB,"Penn State"
2563313,"Troy Reeder",LB,Delaware
2555177,"Mackensie Alexander",CB,Clemson
2558033,"Ben Gedeon",OLB,Michigan
81284,"Chase Daniel",QB,Missouri
2560746,"Mike Hughes",CB,"Central Florida"
2558848,"Pat Elflein",G,"Ohio State"
2543563,"Kevin Pierre-Louis",ILB,"Boston College"
2562945,"Jonathan Harris",DE,Lindenwood
2555214,"Laquon Treadwell",WR,Mississippi
2559157,"Rashaad Coward",OT,"Old Dominion"
2560744,"Jalyn Holmes",DT,"Ohio State"
2555242,"Sheldon Rankins",DT,Louisville
2558928,"Austin Carr",WR,Northwestern
2495485,"Robert Quinn",DE,"North Carolina"
2563155,"Deonte Harris",WR,Assumption
2562663,"Trysten Hill",DT,"Central Florida"
2539336,"Tavon Austin",WR,"West Virginia"
2562273,"Carl Granderson",DE,Wyoming
2532431,"Craig Robertson",OLB,"North Texas"
2562668,"Lil'Jordan Humphrey",WR,Texas
2539259,"Patrick Omameh",G,Michigan
2562432,"Joe Jackson",DE,Miami
2555289,"Nick Vannett",TE,"Ohio State"
2558786,"Brandon Wilson",S,Houston
2550196,"Jay Elliott",LB,Toledo
2541199,"Luke Willson",TE,Rice
2539931,"Ezekiel Ansah",DE,"Brigham Young"
2560768,"Jamarco Jones",T,"Ohio State"
2558856,"David Moore",WR,"East Central"
2558875,"Johnny Mundt",TE,Oregon
744,"Calais Campbell",DE,Miami
2495478,"Marcell Dareus",DT,Alabama
2539237,"D.J. Hayden",CB,Houston
2541162,"A.J. Bouye",CB,"Central Florida"
2555329,"Myles Jack",OLB,UCLA
2555421,"Yannick Ngakoue",DE,Maryland
2556711,"Jarrod Wilson",SS,Michigan
2561008,"Ronnie Harrison",DB,Alabama
2561340,"Tre Herndon",CB,Vanderbilt
2562619,"Josh Allen",DE,Kentucky
2562954,"Quincy Williams",LB,"Murray State"
2561177,"Kyle Allen",QB,Houston
2561184,"Reggie Bonnafon",RB,Louisville
2543729,"Brandon Linder",C,Miami
2550589,"Andrew Norwell",G,"Ohio State"
2552330,"A.J. Cann",G,"South Carolina"
2552652,"Chris Conley",WR,Georgia
2553318,"James O'Shaughnessy",TE,"Illinois State"
2557895,"Dede Westbrook",WR,Oklahoma
2557973,"Leonard Fournette",RB,"Louisiana State"
2558004,"Cam Robinson",T,Alabama
2561018,"D.J. Chark",WR,"Louisiana State"
2562756,"Jawaan Taylor",T,Florida
2562796,"Gardner Minshew",QB,"Washington State"
2532871,"Bruce Irvin",LB,"West Virginia"
2539230,"Abry Jones",NT,Georgia
2543475,"Marqise Lee",WR,USC
2552355,"Cedric Ogbuehi",OT,"Texas A&M"
2555243,"Vernon Butler",DT,"Louisiana Tech"
2560758,"Leon Jacobs",LB,Wisconsin
2556365,"Seth DeValve",TE,Princeton
2560853,"Will Richardson",T,"North Carolina State"
2553454,"Geoff Swaim",TE,Texas
2559153,"Keelan Cole",WR,"Kentucky Wesleyan"
2560983,"Taven Bryan",DT,Florida
2557839,"Dawuane Smoot",DE,Illinois
2550606,"Bryan Witzmann",T,"South Dakota State"
2533016,"Najee Goode",OLB,"West Virginia"
2562606,"Andrew Wingard",SS,Wyoming
2562622,"Ryquell Armstead",RB,Temple
2539223,"Johnathan Cyprien",SS,"Florida International"
2562730,"Kendall Sheffield",DB,"Ohio State"
2561622,"Jaeden Graham",TE,Yale
2558114,"Roderick Johnson",OT,"Florida State"
2556456,"Andrew Adams",FS,Connecticut
2560051,"Justin Watson",WR,Pennsylvania
497326,"Golden Tate",WR,"Notre Dame"
2562816,"Josiah Tauaefa",LB,"Texas-San Antonio"
2562630,"Kris Boyd",CB,Texas
2560961,"Marcell Ateman",WR,"Oklahoma State"
2555353,"Alex Lewis",G,Nebraska
2562258,"Chuma Edoga",T,USC
2557884,"Jordan Willis",DE,"Kansas State"
2561427,"Vyncint Smith",WR,Limestone
2307,"Orlando Scandrick",CB,"Boise State"
2557842,"Daeshon Hall",DE,"Texas A&M"
2307,"Orlando Scandrick",CB,"Boise State"
2495328,"Bilal Powell",RB,Louisville
2505076,"Josh McCown",QB,"Sam Houston State"
2543751,"David Fales",QB,"San Jose State"
2562648,"T.J. Edwards",LB,Wisconsin
2541696,"Jordan Dangerfield",S,Towson
2530491,"Josh Bynes",ILB,Auburn
2561129,"Zach Sieler",DT,"Ferris State"
2555171,"Tyler Matakevich",ILB,Temple
2563258,"Devlin Hodges",QB,Samford
2556836,"Duke Williams",WR,Auburn
2556537,"Reggie Gilbert",LB,Arizona
2550132,"Taylor Lewan",T,Michigan
2562641,"Nate Davis",G,"North Carolina-Charlotte"
494261,"Kurt Coleman",SS,"Ohio State"
2550145,"Maurice Alexander",LB,"Utah State"
2563364,"Ryan Bates",T,"Penn State"
497123,"Colt McCoy",QB,Texas
2551359,"Jerome Cunningham",TE,"Southern Connecticut State"
2562746,"Jarrett Stidham",QB,Auburn
2562787,"Joejuan Williams",CB,Vanderbilt
2559396,"Fred Brown",WR,"Mississippi State"
2555432,"Andy Janovich",RB,Nebraska
2561704,"A.J. Johnson",MLB,Tennessee
2552469,"Melvin Gordon",RB,Wisconsin
2561040,"Duke Dawson",DB,Florida
2561005,"Davontae Harris",CB,"Illinois State"
2563129,"Shakial Taylor",DB,Kansas
2562757,"Marvell Tell",DB,"Southern California"
2533059,"Morris Claiborne",CB,"Louisiana State"
2561348,"Ryan Hunter",T,"Bowling Green State"
2562723,"Khalen Saunders",DT,"Western Illinois"
2561293,"Deon Yelder",TE,"Western Kentucky"
2560848,"Martinas Rankin",T,"Mississippi State"
2543741,"Jimmie Ward",FS,"Northern Illinois"
2560988,"Antonio Callaway",WR,Florida
2549982,"Garrett Gilbert",QB,"Southern Methodist"
2562740,"Kaden Smith",TE,Stanford
2539242,"Earl Watford",G,"James Madison"
2550416,"Josh Wells",T,"James Madison"
2560243,"Brandon Zylstra",WR,"Concordia, Minn"
2562556,"Jamel Dean",CB,Auburn
2535613,"L.J. Fort",ILB,"Northern Iowa"
2562504,"Stanley Morgan",WR,Nebraska
2556662,"Alex Redmond",G,UCLA
2555248,"Jihad Ward",DT,Illinois
2559053,"Torry McTyer",CB,"Nevada-Las Vegas"
2555185,"Joey Hunt",C,"Texas Christian"
2558956,"Jacob Hollister",TE,Wyoming
2562233,"Marquise Blair",FS,Utah
2560892,"Wyatt Teller",G,"Virginia Tech"
2552396,"Ben Koyack",TE,"Notre Dame"
2539662,"Lerentee McCray",DE,Florida
2543851,"Phillip Gaines",CB,Rice
2543638,"De'Anthony Thomas",WR,Oregon
2495311,"Terrell McClain",DT,"South Florida"
2556214,"Tyreek Hill",WR,"West Alabama"
2561157,"Keion Crossen",DB,"Western Carolina"
2562649,"Rashad Fenton",CB,"South Carolina"
2563220,"Nik Needham",DB,"Texas-El Paso"
2550272,"Albert Wilson",WR,"Georgia State"
2563066,"Hale Hentges",TE,Alabama
2561394,"Jeremy Reaves",DB,"South Alabama"
2560958,"Troy Apke",DB,"Penn State"
2562325,"Natrez Patrick",LB,Georgia
2543739,"Dontae Johnson",CB,"North Carolina State"
2561524,"Dalyn Dawkins",RB,"Colorado State"
2543717,"Jeremiah Attaochu",OLB,"Georgia Tech"
2532956,"Ryan Tannehill",QB,"Texas A&M"
2562680,"Brandon Knight",T,Indiana
2555154,"Darian Thompson",FS,"Boise State"
2532816,"Tom Compton",G,"South Dakota"
2541695,"Brandon Copeland",LB,Pennsylvania
496814,"Albert McClellan",OLB,Marshall
2563267,"Ventell Bryant",WR,Temple
2550767,"C.J. Goodwin",CB,"California, Pa."
2555344,"Artie Burns",CB,Miami
2562578,"Emeke Egbule",LB,Houston
2560984,"Oren Burks",LB,Vanderbilt
2560962,"John Atkins",NT,Georgia
2563193,"C.J. Moore",DB,Mississippi
2558821,"Jamal Agnew",CB,"San Diego"
2562399,"Nick Allegretti",G,Illinois
2507282,"Matt Moore",QB,"Oregon State"
2495250,"Stefen Wisniewski",G,"Penn State"
2559200,"Joe Jones",LB,Northwestern
2561370,"Trey Marshall",DB,"Florida State"
2560921,"Armani Watts",DB,"Texas A&M"
2559208,"Ryan Lewis",CB,Pittsburgh
2562245,"Shaq Calhoun",G,"Mississippi State"
2552586,"Tyler Kroft",TE,Rutgers
2553679,"Chris Reed",G,"Minn. State-Mankato"
2543733,"Gabe Jackson",G,"Mississippi State"
2563217,"Justin Phillips",LB,"Oklahoma State"
2539275,"Mike Glennon",QB,"North Carolina State"
2561187,"Tim Boyle",QB,"Eastern Kentucky"
2562784,"Dexter Williams",RB,"Notre Dame"
2562940,"Ka'Dar Hollman",CB,Toledo
2556758,"Rolan Milligan",DB,Toledo
2552280,"Carl Davis",NT,Iowa
2559372,"Dan Skipper",G,Arkansas
2555419,"Pharoh Cooper",WR,"South Carolina"
2562669,"Andy Isabella",WR,Massachusetts
2495504,"Patrick Peterson",CB,"Louisiana State"
2555335,"Jonathan Bullard",DE,Florida
2563339,"Jalen Thompson",DB,"Washington State"
2558886,"Darrell Daniels",TE,Washington
2495218,"Brooks Reed",OLB,Arizona
2550575,"Zach Kerr",NT,Delaware
2556804,"Antonio Hamilton",CB,"South Carolina State"
2563066,"Hale Hentges",TE,Alabama
2552636,"Michael Burton",FB,Rutgers
2543500,"Jordan Matthews",WR,Vanderbilt
2562733,"Jeffery Simmons",DT,"Mississippi State"
2562799,"David Long",LB,"West Virginia"
2553911,"T.Y. McGill",DT,"North Carolina State"
2559385,"Dan Arnold",TE,Wisconsin-Platteville
2553631,"Zach Zenner",RB,"South Dakota"
2555238,"Jarran Reed",DT,Alabama
4365,"Brandon Carr",CB,"Grand Valley State"
2552488,"Marcus Peters",CB,Washington
2506122,"Benjamin Watson",TE,Georgia
2553744,"Eric Tomlinson",TE,"Texas-El Paso"
2562281,"Damien Harris",RB,Alabama
2555383,"Jalen Mills",CB,"Louisiana State"
2561338,"Bruce Hector",DT,"South Florida"
2557967,"Duke Riley",OLB,"Louisiana State"
2563200,"Anthony Rush",NT,Alabama-Birmingham
2562667,"Albert Huggins",DT,Clemson
2561146,"Boston Scott",RB,"Louisiana Tech"
497032,"Russell Okung",T,"Oklahoma State"
2539270,"Sylvester Williams",DT,"North Carolina"
2558062,"Gareon Conley",CB,"Ohio State"
2505708,"Mike Adams",FS,Delaware
2507358,"Chris Clark",OT,"Southern Mississippi"
2557863,"Zay Jones",WR,"East Carolina"
2562670,"Andre James",T,UCLA
2543872,"Nevin Lawson",CB,"Utah State"
2556489,"James Burgess",OLB,Louisville
2558925,"Austin Calitro",LB,Villanova
2540201,"Akeem Spence",DT,Illinois
2562591,"Joe Giles-Harris",LB,Duke
2562693,"Josh Oliver",TE,"San Jose State"
2541135,"Cody Davis",FS,"Texas Tech"
2559015,"Breon Borders",CB,Duke
2553536,"Troy Hill",CB,Oregon
2555280,"Jalen Ramsey",CB,"Florida State"
2562260,"David Edwards",T,Wisconsin
2555268,"Anthony Zettel",DT,"Penn State"
2560829,"Obo Okoronkwo",LB,Oklahoma
2561469,"Darious Williams",CB,Alabama-Birmingham
2556381,"Mike Thomas",WR,"Southern Mississippi"
2559286,"Krishawn Hogan",WR,"Marian (Ind.)"
2553631,"Zach Zenner",RB,"South Dakota"
2552588,"Brett Hundley",QB,UCLA
2556764,"Kevin Peterson",CB,"Oklahoma State"
2556118,"Dwayne Washington",RB,Washington
496843,"Jason Pierre-Paul",OLB,"South Florida"
497322,"Emmanuel Sanders",WR,"Southern Methodist"
2508058,"Sam Young",T,"Notre Dame"
2550493,"Tyler Larsen",C,"Utah State"
2561006,"Marcell Harris",FS,Florida
2558979,"Nick Mullens",QB,"Southern Mississippi"
2552657,"DeAndrew White",WR,Alabama
2562725,"Jordan Scarlett",RB,Florida
2556504,"Trevon Coley",DT,"Florida Atlantic"
2533040,"Mohamed Sanu",WR,Rutgers
2550242,"Mike Pennel",DT,"Colorado State-Pueblo"
2555336,"Robert Nkemdiche",DT,Mississippi
2550235,"Roosevelt Nix",FB,"Kent State"
2562241,"Isaiah Buggs",DE,Alabama
2553711,"B.J. Finney",C,"Kansas State"
2559325,"Trey Edmunds",RB,Maryland
2555230,"Kenyan Drake",RB,Alabama
2561025,"Mason Cole",C,Michigan
2562686,"Joshua Miles",T,"Morgan State"
2533457,"Alfred Morris",RB,"Florida Atlantic"
2560812,"Steven Mitchell",WR,"Southern California"
2558017,"Vincent Taylor",DT,"Oklahoma State"
2556661,"Kalif Raymond",WR,"Holy Cross"
2558933,"Bryan Cox",DE,Florida
2552397,"Clive Walford",TE,Miami
2562887,"Keaton Sutherland",G,"Texas A&M"
2562515,"Xavier Crawford",DB,"Central Michigan"
2560873,"Nathan Shepherd",DT,"Fort Hays State"
2556735,"Ken Crawley",CB,Colorado
2553781,"James Vaughters",LB,Stanford
2543765,"Brent Urban",DE,Virginia
494289,"Sherrick McManis",CB,Northwestern
2555381,"DeAndre Houston-Carson",FS,"William & Mary"
2560964,"Genard Avery",LB,Memphis
2550277,"Josh Andrews",OG,"Oregon State"
81294,"Brian Hoyer",QB,"Michigan State"
2563300,"Tony Brooks-James",RB,Oregon
2561032,"Tyrell Crosby",T,Oregon
2540013,"Will Compton",ILB,Nebraska
2495311,"Terrell McClain",DT,"South Florida"
2561004,"Da'Shawn Hand",DL,Alabama
2555315,"Miles Killebrew",SS,"Southern Utah"
2555460,"Paul Perkins",RB,UCLA
2561215,"Tanner Hudson",TE,"Southern Arkansas"
2539932,"Jamar Taylor",CB,"Boise State"
2555365,"Brandon Allen",QB,Arkansas
2563044,"Stephen Carlson",TE,Princeton
2559132,"Eli Ankou",DT,UCLA
2562860,"Jason Moore",WR,Findlay
2550569,"Ryan Groy",G,Wisconsin
2562228,"Corey Ballentine",CB,Washburn
2552486,"Leonard Williams",DE,"Southern California"
2553815,"Justin March-Lillard",OLB,Akron
2543769,"Deone Bucannon",ILB,"Washington State"
2557917,"Kareem Hunt",RB,Toledo
2562753,"Sione Takitaki",LB,"Brigham Young"
2561653,"KhaDarel Hodge",WR,"Prairie View"
2562744,"Jace Sternberger",TE,"Texas A&M"
2539306,"Wes Horton",DE,"Southern California"
2552605,"Ibraheim Campbell",FS,Northwestern
2499257,"Colin Jones",FS,"Texas Christian"
2558968,"Cole Luke",CB,"Notre Dame"
2562808,"Olamide Zaccheaus",WR,Virginia
2558112,"Brian Hill",HB,Wyoming
2539219,"Blidi Wreh-Wilson",CB,Connecticut
2561443,"Christian Blake",WR,"Northern Illinois"
2539289,"Kenjon Barner",RB,Oregon
2552366,"Ty Sambrailo",T,"Colorado State"
2561206,"J.T. Gray",DB,"Mississippi State"
2562429,"Michael Dogbe",DE,Temple
2495101,"Sam Acho",OLB,Texas
2556770,"Pete Robertson",LB,"Texas Tech"
2558273,"T.J. Logan",RB,"North Carolina"
2541192,"Chris Banjo",SS,"Southern Methodist"
2556855,"Marcus Johnson",WR,Texas
2555227,"Jonathan Williams",RB,Arkansas
2563296,"Patrick Laird",RB,California
2560828,"Chukwuma Okorafor",T,"Western Michigan"
2561028,"Austin Corbett",T,Nevada
2507617,"Michael Bennett",DE,"Texas A&M"
2556557,"Rashod Hill",T,"Southern Mississippi"
2562773,"Armon Watts",DT,Arkansas
2560741,"Holton Hill",CB,Texas
2562985,"Davion Davis",WR,"Sam Houston State"
2552262,"Quandre Diggs",SS,Texas
2534846,"Neiko Thorpe",CB,Auburn
2534820,"Garrett Celek",TE,"Michigan State"
2558121,"Elijah Lee",LB,"Kansas State"
2556572,"Tevin Jones",WR,Memphis
2506925,"Domata Peko Sr.",NT,"Michigan State"
2543812,"Justin Ellis",DT,"Louisiana Tech"
2506925,"Domata Peko Sr.",NT,"Michigan State"
2561147,"Cornell Armstrong",CB,"Southern Mississippi"
2543497,"AJ McCarron",QB,Alabama
2561344,"Buddy Howell",RB,"Florida Atlantic"
2543834,"Bennett Jackson",CB,"Notre Dame"
2540140,"Barkevious Mingo",OLB,"Louisiana State"
2560774,"Peter Kalambayi",LB,Stanford
2561538,"A.J. Moore",DB,Mississippi
2562304,"Greg Little",T,Mississippi
2559321,"Jamal Carter",SS,Miami
2561282,"Jacob Tuioti-Mariner",DT,UCLA
2562797,"Qadree Ollison",RB,Pittsburgh
2532842,"Nick Foles",QB,Arizona
2562292,"Gary Jennings",WR,"West Virginia"
2562270,"Myles Gaskin",RB,Washington
2553520,"Nick Easton",G,Harvard
2508084,"Patrick Robinson",CB,"Florida State"
2562468,"Blessuan Austin",CB,Rutgers
2560949,"Josh Adams",RB,"Notre Dame"
2543501,"Aaron Colvin",CB,Oklahoma
2540138,"Damontre Moore",DE,"Texas A&M"
2543474,"Darqueze Dennard",CB,"Michigan State"
2558929,"Cethan Carter",TE,Nebraska
2562651,"Ryan Finley",QB,"North Carolina State"
2539943,"D.J. Swearinger",FS,"South Carolina"
2558982,"Hardy Nickerson",MLB,Illinois
2543500,"Jordan Matthews",WR,Vanderbilt
2562659,"N'Keal Harry",WR,"Arizona State"
2558174,"Rudy Ford",S,Auburn
2559066,"Gehrig Dieter",WR,Alabama
2560896,"Jordan Thomas",TE,"Mississippi State"
2563038,"Ahmad Gooden",LB,Samford
2550599,"Scott Simonson",TE,Assumption
2561643,"Sam Beal",DB,"Western Michigan"
2562414,"Julian Love",CB,"Notre Dame"
2562768,"Andrew Van Ginkel",LB,Wisconsin
2556486,"Brandin Bryant",DT,"Florida Atlantic"
2562601,"Gerald Willis",DT,"Miami (Fla.)"
2558933,"Bryan Cox",DE,Florida
2562276,"Porter Gustin",DE,"Southern California"
2558857,"Adrian Colbert",FS,Miami
2556700,"Jason Vander Laan",TE,"Ferris State"
2543614,"Donte Moncrief",WR,Mississippi
2556700,"Jason Vander Laan",TE,"Ferris State"
2539288,"Dion Jordan",DE,Oregon
2562675,"Isaiah Johnson",CB,Houston
2543751,"David Fales",QB,"San Jose State"
2555178,"Maurice Canady",CB,Virginia
2562390,"Amani Oruwariye",CB,"Penn State"
2555262,"Jeff Driskel",QB,"Louisiana Tech"
2560865,"Bo Scarbrough",RB,Alabama
2562691,"Isaac Nauta",TE,Georgia
2562240,"Austin Bryant",DL,Clemson
2539331,"Oday Aboushi",OG,Virginia
2563031,"Ryan Bee",DE,Marshall
2559230,"Carroll Phillips",DE,Illinois
2552403,"Nick O'Leary",TE,"Florida State"
2562869,"Khari Blasingame",RB,Vanderbilt
2562717,"Dontavius Russell",DT,Auburn
2563282,"Charles Jones",TE,Tulane
2560776,"Joshua Kalu",DB,Nebraska
2559034,"Donald Payne",MLB,"Stetson University"
2559263,"Tyrone Swoopes",TE,Texas
2552582,"Jay Ajayi",RB,"Boise State"
2553456,"Akeem King",CB,"San Jose State"
2560596,"Matt Pryor",G,"Texas Christian"
2562946,"Marcus Epps",SS,Wyoming
2562579,"Bobby Evans",T,Oklahoma
2562798,"David Long",CB,Michigan
